Code,Entity,Beef,Seafood,Egg,Milk,Peanut,Almond,Cashew,Hazelnut,Macadamia,Pecan,Pine,Pistachio,Walnut,Barley,Corn,Oat,Rice,Rye,Wheat,Population,Continent
AFG,Afghanistan,0.082732516222062,0.0027560357182229082,0.06602112676056339,0.11839632947345423,0.013950892857142856,0.015873015873015876,0.005860805860805861,0.028571428571428574,0.03610108303249098,0.012264922322158627,0.01639344262295082,0.14285714285714285,0.027397260273972605,0.09252669039145907,0.015228426395939087,0.016666666666666666,0.08240794856808883,0.0,0.8217286914765907,"37,172,386",AS
AGO,Angola,0.15176640230713773,0.2229081688898688,0.029489436619718312,0.02073410530915447,0.013950892857142856,0.015873015873015876,0.005860805860805861,0.028571428571428574,0.03610108303249098,0.012264922322158627,0.01639344262295082,0.014652014652014652,0.027397260273972605,0.0,0.24510514865844815,0.0,0.04792518994739918,0.0,0.1716686674669868,"30,809,762",AF
ALB,Albania,0.4055515501081471,0.05908940579869916,0.6452464788732395,0.8659383875901245,0.013950892857142856,0.015873015873015876,0.005860805860805861,0.028571428571428574,0.03610108303249098,0.012264922322158627,0.01639344262295082,0.014652014652014652,0.027397260273972605,0.0035587188612099642,0.009427121102248005,0.016666666666666666,0.03974284044418469,0.020242914979757085,0.6338535414165666,"2,866,376",EU
ANT,Netherlands Antilles,0.15897620764239367,0.29930547899900783,0.19454225352112678,0.3547301726021412,0.013950892857142856,0.015873015873015876,0.005860805860805861,0.028571428571428574,0.03610108303249098,0.012264922322158627,0.01639344262295082,0.014652014652014652,0.027397260273972605,0.0071174377224199285,0.05946337926033358,0.016666666666666666,0.07364114552893045,0.0,0.31452581032412963,"300,000",NAM
ARE,United Arab Emirates,0.10165825522710886,0.2724065703891523,0.3292253521126761,0.07260214114048504,0.013950892857142856,0.5492063492063493,0.005860805860805861,0.028571428571428574,0.03610108303249098,0.026165167620605074,0.01639344262295082,0.014652014652014652,0.027397260273972605,0.0071174377224199285,0.005801305293691081,0.016666666666666666,0.3243717124488603,0.0,0.4897959183673469,"9,630,959",AS
ARG,Argentina,1.0,0.08036600154338001,0.682218309859155,0.34725802927681887,0.013950892857142856,0.015873015873015876,0.005860805860805861,0.028571428571428574,0.03610108303249098,0.012264922322158627,0.01639344262295082,0.014652014652014652,0.027397260273972605,0.0,0.06236403190717912,0.06666666666666667,0.052600818234950324,0.0,0.5264105642256903,"44,494,502",SA
ARM,Armenia,0.35436193222782986,0.06427075294895822,0.5123239436619719,0.43716408127594497,0.013950892857142856,0.015873015873015876,0.005860805860805861,0.028571428571428574,0.03610108303249098,0.012264922322158627,0.01639344262295082,0.014652014652014652,0.027397260273972605,0.0,0.0,0.03333333333333333,0.019871420222092345,0.004048582995951417,0.6146458583433373,"2,951,776",AS
ATG,Antigua and Barbuda,0.2238644556596972,0.5792084665417264,0.1267605633802817,0.1761415774524798,0.013950892857142856,0.015873015873015876,0.005860805860805861,0.028571428571428574,0.03610108303249098,0.012264922322158627,0.01639344262295082,0.014652014652014652,0.027397260273972605,0.0,0.01595358955765047,0.25,0.06428988895382817,0.0,0.29891956782713086,"96,286",NAM
AUS,Australia,0.610310021629416,0.28519457612170657,0.3534330985915493,0.4795280751584007,0.013950892857142856,0.6031746031746031,1.0,0.19999999999999998,1.0,0.12101390024529847,0.2459016393442623,0.10256410256410257,0.4178082191780822,0.0071174377224199285,0.030456852791878174,0.016666666666666666,0.05902980713033314,0.048582995951417005,0.3505402160864346,"24,992,369",OC
AUT,Austria,0.3089401586157174,0.15533017307904312,0.6465669014084507,0.503889010268735,0.013950892857142856,0.015873015873015876,0.005860805860805861,0.26857142857142857,0.03610108303249098,0.012264922322158627,0.01639344262295082,0.014652014652014652,0.027397260273972605,0.010676156583629894,0.07034082668600435,0.3,0.02104032729398013,0.3562753036437247,0.3871548619447779,"8,847,037",EU
AZE,Azerbaijan,0.22855082912761357,0.03527725719325323,0.3899647887323944,0.2880052436093511,0.013950892857142856,0.015873015873015876,0.005860805860805861,0.6457142857142857,0.03610108303249098,0.012264922322158627,0.01639344262295082,0.014652014652014652,0.027397260273972605,0.0,0.07179115300942712,0.016666666666666666,0.012273524254821741,0.008097165991902834,1.0,"9,942,334",AS
BEL,Belgium,0.2817231434751262,0.2536655275052365,0.5801056338028169,0.516473672711383,0.013950892857142856,0.015873015873015876,0.005860805860805861,0.31428571428571433,0.03610108303249098,0.26819296811120197,0.01639344262295082,0.014652014652014652,0.027397260273972605,0.010676156583629894,0.01015228426395939,0.016666666666666666,0.052600818234950324,0.016194331983805668,0.47539015606242496,"11,422,068",EU
BEN,Benin,0.0549747656813266,0.19402491456289275,0.0448943661971831,0.029648241206030154,0.013950892857142856,0.015873015873015876,0.005860805860805861,0.028571428571428574,0.03610108303249098,0.012264922322158627,0.01639344262295082,0.014652014652014652,0.027397260273972605,0.0,0.25453226976069615,0.0,0.31560490940970193,0.0,0.062424969987995196,"11,485,048",AF
BFA,Burkina Faso,0.08074981975486663,0.07783044868261493,0.1056338028169014,0.050557133493554736,0.013950892857142856,0.015873015873015876,0.005860805860805861,0.028571428571428574,0.03610108303249098,0.012264922322158627,0.01639344262295082,0.014652014652014652,0.027397260273972605,0.0,0.4321972443799855,0.016666666666666666,0.12098188194038574,0.0,0.05102040816326531,"19,751,535",AF
BGD,Bangladesh,0.023071377072819036,0.2679969132399956,0.12544014084507044,0.03954555385623772,0.013950892857142856,0.015873015873015876,0.005860805860805861,0.028571428571428574,0.03610108303249098,0.012264922322158627,0.01639344262295082,0.014652014652014652,0.027397260273972605,0.0,0.005801305293691081,0.0,1.0,0.0,0.09003601440576231,"161,356,039",AS
BGR,Bulgaria,0.0692141312184571,0.07772020725388601,0.3794014084507042,0.3687568276163426,0.013950892857142856,0.015873015873015876,0.005860805860805861,0.028571428571428574,0.03610108303249098,0.012264922322158627,0.01639344262295082,0.014652014652014652,0.027397260273972605,0.014234875444839857,0.14358230601885424,0.03333333333333333,0.015195791934541203,0.004048582995951417,0.5228091236494598,"7,000,039",EU
BHS,Bahamas,0.35904830569574625,0.3010693418586705,0.31117957746478875,0.053768844221105526,0.013950892857142856,0.015873015873015876,0.005860805860805861,0.028571428571428574,0.03610108303249098,0.012264922322158627,0.01639344262295082,0.014652014652014652,0.027397260273972605,0.07829181494661921,0.022480058013052938,0.16666666666666666,0.14202220923436587,0.008097165991902834,0.2034813925570228,"385,640",NAM
BIH,Bosnia and Herzegovina,0.1643835616438356,0.05390805864844008,0.22491197183098594,0.43093729517150975,0.013950892857142856,0.015873015873015876,0.005860805860805861,0.028571428571428574,0.03610108303249098,0.012264922322158627,0.01639344262295082,0.014652014652014652,0.027397260273972605,0.07473309608540925,0.45757795503988397,0.016666666666666666,0.010520163646990065,0.03643724696356275,0.4459783913565426,"3,323,929",EU
BLR,Belarus,0.3083994232155732,0.17947304597067582,0.6474471830985916,0.2638409438496832,0.013950892857142856,0.015873015873015876,0.005860805860805861,0.028571428571428574,0.03610108303249098,0.012264922322158627,0.01639344262295082,0.014652014652014652,0.027397260273972605,0.09252669039145907,0.0036258158085569255,0.8166666666666667,0.018118059614260665,0.8502024291497976,0.2845138055222089,"9,485,386",EU
BLZ,Belize,0.08759913482335978,0.13405357733436227,0.20334507042253522,0.09344548831112083,0.013950892857142856,0.015873015873015876,0.005860805860805861,0.028571428571428574,0.03610108303249098,0.012264922322158627,0.01639344262295082,0.014652014652014652,0.027397260273972605,0.0,0.20087019579405366,0.18333333333333332,0.16130917592051433,0.0,0.26110444177671066,"383,071",NAM
BMU,Bermuda,0.5975126171593367,0.4979605335685151,0.6566901408450705,0.2087830456630981,0.013950892857142856,0.015873015873015876,0.005860805860805861,0.028571428571428574,0.03610108303249098,0.012264922322158627,0.01639344262295082,0.014652014652014652,0.027397260273972605,0.0,0.018129079042784626,0.016666666666666666,0.031560490940970194,0.0,0.343937575030012,"63,968",NAM
BOL,Bolivia,0.3565248738284067,0.028332047183331495,0.32482394366197187,0.10432597771466026,0.013950892857142856,0.015873015873015876,0.005860805860805861,0.028571428571428574,0.03610108303249098,0.012264922322158627,0.01639344262295082,0.014652014652014652,0.027397260273972605,0.0,0.21029731689630166,0.06666666666666667,0.16715371127995324,0.0,0.226890756302521,"11,353,142",SA
BRA,Brazil,0.70746214852199,0.10020945871458495,0.3419894366197183,0.31450731920471925,0.09821428571428571,0.015873015873015876,0.005860805860805861,0.028571428571428574,0.24909747292418777,0.012264922322158627,0.01639344262295082,0.014652014652014652,0.0410958904109589,0.0,0.17403915881073242,0.18333333333333332,0.19053185271770895,0.0,0.2304921968787515,"209,469,333",SA
BRB,Barbados,0.23666186012977652,0.4406349906294786,0.41857394366197187,0.05877212147694996,0.013950892857142856,0.015873015873015876,0.005860805860805861,0.028571428571428574,0.03610108303249098,0.012264922322158627,0.01639344262295082,0.014652014652014652,0.027397260273972605,0.0,0.07686729514140682,0.1,0.09935710111046171,0.0,0.3403361344537815,"286,641",NAM
BRN,Brunei,0.21899783705839945,0.5148274721640393,0.7112676056338029,0.1539654795717719,0.013950892857142856,0.015873015873015876,0.005860805860805861,0.028571428571428574,0.03610108303249098,0.012264922322158627,0.01639344262295082,0.014652014652014652,0.027397260273972605,0.0071174377224199285,0.07324147933284988,0.1,0.4377556984219754,0.0,0.2665066026410564,"428,962",AS
BWA,Botswana,0.141492429704398,0.0418917429169882,0.06602112676056339,0.25767970286213676,0.013950892857142856,0.015873015873015876,0.005860805860805861,0.028571428571428574,0.03610108303249098,0.012264922322158627,0.01639344262295082,0.014652014652014652,0.027397260273972605,0.03558718861209965,0.242929659173314,0.016666666666666666,0.04032729398012858,0.03643724696356275,0.1992797118847539,"2,254,126",AF
CAF,Central African Republic,0.21485219899062727,0.08521662440745233,0.021566901408450703,0.036923749180686034,0.013950892857142856,0.015873015873015876,0.005860805860805861,0.028571428571428574,0.03610108303249098,0.012264922322158627,0.01639344262295082,0.014652014652014652,0.027397260273972605,0.0071174377224199285,0.17258883248730963,0.0,0.04500292226767972,0.0,0.024009603841536616,"4,666,377",AF
CAN,Canada,0.5452415284787311,0.24749200749641717,0.6236795774647887,0.3536814507319205,0.29464285714285715,0.5206349206349207,0.5758241758241758,0.5428571428571428,0.19855595667870038,0.24856909239574818,0.01639344262295082,0.014652014652014652,0.4041095890410959,0.010676156583629894,0.08194343727338652,0.08333333333333333,0.07890122735242548,0.044534412955465584,0.38235294117647056,"37,058,856",NAM
CHE,Switzerland,0.3832011535688537,0.1867489802667843,0.44014084507042256,0.6787633821280316,0.013950892857142856,0.015873015873015876,0.005860805860805861,0.8342857142857143,0.03610108303249098,0.08994276369582993,0.01639344262295082,0.014652014652014652,0.027397260273972605,0.028469750889679714,0.0029006526468455403,0.1,0.014026884862653419,0.03643724696356275,0.3667466986794718,"8,516,543",EU
CHL,Chile,0.4300648882480173,0.12986440304266345,0.46170774647887325,0.20672929866724932,0.013950892857142856,0.015873015873015876,0.005860805860805861,0.028571428571428574,0.03610108303249098,0.012264922322158627,0.01639344262295082,0.014652014652014652,0.3219178082191781,0.02491103202846975,0.14358230601885424,0.26666666666666666,0.05026300409117475,0.008097165991902834,0.49819927971188477,"18,729,160",SA
CHN,China,0.09426820475847153,0.4207915334582737,1.0,0.052545335372514754,0.7505580357142856,0.015873015873015876,0.005860805860805861,0.028571428571428574,0.10108303249097474,0.012264922322158627,0.01639344262295082,0.03663003663003663,0.3835616438356165,0.0035587188612099642,0.03915881073241479,0.016666666666666666,0.4658094681472823,0.004048582995951417,0.3277310924369748,"1,392,730,000",AS
CIV,Cote d'Ivoire,0.03064167267483778,0.19810384742586265,0.09022887323943661,0.003626829801179812,0.013950892857142856,0.015873015873015876,0.005860805860805861,0.028571428571428574,0.03610108303249098,0.012264922322158627,0.01639344262295082,0.014652014652014652,0.027397260273972605,0.0,0.13850616388687453,0.016666666666666666,0.33722969023962596,0.0,0.10084033613445378,"25,069,229",AF
CMR,Cameroon,0.07516222062004327,0.1990960202844229,0.015404929577464789,0.018789600174786977,0.013950892857142856,0.015873015873015876,0.005860805860805861,0.028571428571428574,0.03610108303249098,0.012264922322158627,0.01639344262295082,0.014652014652014652,0.027397260273972605,0.010676156583629894,0.23567802755620015,0.0,0.1396843950905903,0.0,0.10324129651860744,"25,216,237",AF
COG,Congo,0.07840663302090843,0.32344835189064053,0.024647887323943664,0.0025781079309591436,0.013950892857142856,0.015873015873015876,0.005860805860805861,0.028571428571428574,0.03610108303249098,0.012264922322158627,0.01639344262295082,0.014652014652014652,0.027397260273972605,0.08185053380782918,0.024655547498187092,0.016666666666666666,0.09585037989479836,0.0,0.19027611044417767,"5,244,363",AF
COL,Colombia,0.29488103821196826,0.0789328629699041,0.5629401408450704,0.26613502294079094,0.013950892857142856,0.015873015873015876,0.005860805860805861,0.028571428571428574,0.03610108303249098,0.012264922322158627,0.01639344262295082,0.014652014652014652,0.027397260273972605,0.028469750889679714,0.18491660623640319,0.016666666666666666,0.16656925774400935,0.0,0.13565426170468187,"49,648,685",SA
CPV,Cape Verde,0.15897620764239367,0.12236798588909713,0.21214788732394368,0.11485689316145947,0.013950892857142856,0.015873015873015876,0.005860805860805861,0.028571428571428574,0.03610108303249098,0.012264922322158627,0.01639344262295082,0.014652014652014652,0.027397260273972605,0.0071174377224199285,0.05946337926033358,0.016666666666666666,0.07364114552893045,0.0,0.31452581032412963,"543,767",AF
CRI,Costa Rica,0.2745133381398702,0.20350567743357956,0.4625880281690141,0.3771684509504042,0.013950892857142856,0.015873015873015876,0.005860805860805861,0.028571428571428574,0.03610108303249098,0.012264922322158627,0.01639344262295082,0.014652014652014652,0.027397260273972605,0.07829181494661921,0.07324147933284988,0.15,0.25014611338398596,0.0,0.18967587034813926,"4,999,441",NAM
CUB,Cuba,0.11517664023071378,0.0627273729467534,0.3912852112676057,0.20657636006117544,0.013950892857142856,0.015873015873015876,0.005860805860805861,0.028571428571428574,0.03610108303249098,0.012264922322158627,0.01639344262295082,0.014652014652014652,0.027397260273972605,0.0071174377224199285,0.19216823785351705,0.0,0.3892460549386324,0.0,0.23709483793517408,"11,338,138",NAM
CYP,Cyprus,0.10436193222782986,0.27494212324991735,0.34639084507042256,0.2476076032335591,0.013950892857142856,0.015873015873015876,0.005860805860805861,0.028571428571428574,0.03610108303249098,0.012264922322158627,0.01639344262295082,0.014652014652014652,0.027397260273972605,0.0,0.02030456852791878,0.06666666666666667,0.029222676797194622,0.0,0.4027611044417767,"1,189,265",EU
CZE,Czech Republic,0.14689978370583995,0.10263477014662112,0.3798415492957747,0.4171509722525672,0.013950892857142856,0.015873015873015876,0.005860805860805861,0.028571428571428574,0.03610108303249098,0.012264922322158627,0.01639344262295082,0.014652014652014652,0.027397260273972605,0.0035587188612099642,0.0,0.18333333333333332,0.027469316189362946,0.38461538461538464,0.421968787515006,"10,625,695",EU
DEU,Germany,0.2372025955299207,0.14055782162936833,0.4938380281690141,0.5844876556696526,0.19084821428571427,0.5682539682539682,0.8036630036630037,0.7771428571428572,0.4440433212996391,0.08340147179067867,0.25573770491803277,0.19780219780219782,0.4246575342465754,0.0071174377224199285,0.06236403190717912,0.21666666666666667,0.020455873758036237,0.3076923076923077,0.39255702280912363,"82,927,922",EU
DJI,Djibouti,0.18024513338139872,0.040679087200970125,0.048415492957746484,0.05483941446362246,0.013950892857142856,0.015873015873015876,0.005860805860805861,0.028571428571428574,0.03610108303249098,0.012264922322158627,0.01639344262295082,0.014652014652014652,0.027397260273972605,0.0,0.006526468455402465,0.03333333333333333,0.25073056691992984,0.0,0.5720288115246098,"958,920",AF
DMA,Dominica,0.1571737563085797,0.3093374490133392,0.10827464788732395,0.19106401573082807,0.013950892857142856,0.015873015873015876,0.005860805860805861,0.028571428571428574,0.03610108303249098,0.012264922322158627,0.01639344262295082,0.014652014652014652,0.027397260273972605,0.1387900355871886,0.03843364757070341,0.16666666666666666,0.056107539450613676,0.0,0.31452581032412963,"71,625",NAM
DNK,Denmark,0.5129776496034607,0.25024804321464006,0.6949823943661971,0.6708105746121914,0.013950892857142856,0.015873015873015876,0.005860805860805861,0.028571428571428574,0.03610108303249098,0.012264922322158627,0.01639344262295082,0.014652014652014652,0.027397260273972605,0.0,0.023205221174764323,1.0,0.028053769725306838,0.3481781376518219,0.3739495798319328,"5,797,446",EU
DOM,Dominican Republic,0.17808219178082194,0.10539080586484402,0.44762323943661975,0.21098973126502074,0.013950892857142856,0.015873015873015876,0.005860805860805861,0.028571428571428574,0.03610108303249098,0.012264922322158627,0.01639344262295082,0.014652014652014652,0.027397260273972605,0.0,0.024655547498187092,0.0,0.29807130333138515,0.0,0.1290516206482593,"10,627,165",NAM
DZA,Algeria,0.10093727469358327,0.0425531914893617,0.3710387323943662,0.26591653921782826,0.13950892857142855,0.015873015873015876,0.005860805860805861,0.028571428571428574,0.03610108303249098,0.012264922322158627,0.01639344262295082,0.014652014652014652,0.027397260273972605,0.33451957295373663,0.09354604786076867,0.0,0.017533606078316773,0.0,0.8547418967587035,"42,228,429",AF
ECU,Ecuador,0.29938716654650327,0.08565759012236798,0.34242957746478875,0.2358094821935766,0.013950892857142856,0.015873015873015876,0.005860805860805861,0.028571428571428574,0.03610108303249098,0.012264922322158627,0.01639344262295082,0.014652014652014652,0.027397260273972605,0.0,0.047860768672951415,0.31666666666666665,0.2483927527761543,0.0,0.18127250900360145,"17,084,357",SA
EGY,Egypt,0.23215573179524154,0.2611619446588028,0.15184859154929578,0.09005899060519991,0.013950892857142856,0.015873015873015876,0.005860805860805861,0.045714285714285714,0.03610108303249098,0.012264922322158627,0.01639344262295082,0.014652014652014652,0.027397260273972605,0.0035587188612099642,0.4321972443799855,0.0,0.24371712448860317,0.0,0.7052821128451381,"98,423,595",AF
ESP,Spain,0.21899783705839945,0.4681953478117077,0.6043133802816902,0.39331439807734325,0.013950892857142856,1.0,0.22124542124542124,0.24571428571428572,0.15884476534296033,0.033524121013900246,0.11147540983606559,0.26007326007326004,0.6164383561643836,0.0071174377224199285,0.010877447425670777,0.05,0.049678550555230856,0.020242914979757085,0.41116446578631455,"46,723,749",EU
EST,Estonia,0.12959625090122567,0.16227538308896486,0.5585387323943662,0.7809263709853617,0.013950892857142856,0.015873015873015876,0.005860805860805861,0.028571428571428574,0.03610108303249098,0.012264922322158627,0.01639344262295082,0.014652014652014652,0.027397260273972605,0.15302491103202848,0.026831036983321246,0.4166666666666667,0.014611338398597311,0.6032388663967612,0.45738295318127253,"1,320,884",EU
ETH,Ethiopia,0.06506849315068493,0.004850622864072319,0.018926056338028168,0.06742407690627049,0.013950892857142856,0.015873015873015876,0.005860805860805861,0.028571428571428574,0.03610108303249098,0.012264922322158627,0.01639344262295082,0.014652014652014652,0.027397260273972605,0.44483985765124556,0.2886149383611313,0.06666666666666667,0.012857977790765635,0.0,0.17046818727490998,"109,224,559",AF
FIN,Finland,0.3464311463590483,0.3706316833866167,0.3846830985915493,1.0,0.013950892857142856,0.015873015873015876,0.005860805860805861,0.028571428571428574,0.03610108303249098,0.012264922322158627,0.01639344262295082,0.014652014652014652,0.027397260273972605,0.14590747330960854,0.0,0.5333333333333333,0.02571595558153127,0.5951417004048583,0.40456182472989194,"5,518,050",EU
FJI,Fiji,0.16149963950973326,0.38397089626281555,0.17253521126760563,0.05562595586628796,0.013950892857142856,0.015873015873015876,0.005860805860805861,0.028571428571428574,0.03610108303249098,0.012264922322158627,0.01639344262295082,0.014652014652014652,0.027397260273972605,0.0035587188612099642,0.002175489485134155,0.05,0.2711864406779661,0.0,0.36434573829531813,"883,483",OC
FRA,France,0.42916366258111033,0.3788997905412854,0.5074823943661971,0.5682980117981211,0.06752232142857142,0.3523809523809524,0.391941391941392,0.8914285714285715,0.03610108303249098,0.06295993458708095,0.01639344262295082,0.12087912087912088,0.6986301369863014,0.02491103202846975,0.05583756345177665,0.05,0.030391583869082407,0.012145748987854251,0.48679471788715484,"66,987,244",EU
GAB,Gabon,0.15501081470800288,0.34108698048726716,0.04225352112676056,0.028402883985143106,0.013950892857142856,0.015873015873015876,0.005860805860805861,0.028571428571428574,0.03610108303249098,0.012264922322158627,0.01639344262295082,0.014652014652014652,0.027397260273972605,0.0498220640569395,0.10079767947788253,0.016666666666666666,0.2162478082992402,0.0,0.28331332533013204,"2,119,275",AF
GBR,United Kingdom,0.3266041816870945,0.21750633888215193,0.49427816901408456,0.4886388464059428,0.14453124999999997,0.2253968253968254,0.5663003663003663,0.03428571428571429,0.11913357400722023,0.12755519215044972,0.1,0.06227106227106228,0.2808219178082192,0.017793594306049824,0.018129079042784626,0.6833333333333333,0.03974284044418469,0.012145748987854251,0.44837935174069626,"66,488,991",EU
GEO,Georgia,0.10886806056236482,0.08863410869804872,0.2689260563380282,0.3013545990823684,0.013950892857142856,0.015873015873015876,0.005860805860805861,0.028571428571428574,0.03610108303249098,0.012264922322158627,0.01639344262295082,0.014652014652014652,0.027397260273972605,0.20640569395017794,0.17621464829586658,0.1,0.015780245470485097,0.004048582995951417,0.7202881152460985,"3,731,000",AS
GHA,Ghana,0.01964671953857246,0.28122588468746557,0.0528169014084507,0.015534192702643654,0.013950892857142856,0.015873015873015876,0.005860805860805861,0.028571428571428574,0.03610108303249098,0.012264922322158627,0.01639344262295082,0.014652014652014652,0.027397260273972605,0.0,0.16098622189992748,0.016666666666666666,0.1776738749269433,0.0,0.06542617046818727,"29,767,108",AF
GIN,Guinea,0.1128334534967556,0.11123360158747658,0.0818661971830986,0.03631199475639065,0.013950892857142856,0.015873015873015876,0.005860805860805861,0.028571428571428574,0.03610108303249098,0.012264922322158627,0.01639344262295082,0.014652014652014652,0.027397260273972605,0.0071174377224199285,0.05583756345177665,0.0,0.576271186440678,0.0,0.08763505402160865,"12,414,318",AF
GMB,Gambia,0.038932948810382124,0.3034946532907067,0.06205985915492958,0.07391304347826087,0.013950892857142856,0.015873015873015876,0.005860805860805861,0.028571428571428574,0.03610108303249098,0.012264922322158627,0.01639344262295082,0.014652014652014652,0.027397260273972605,0.0071174377224199285,0.08919506889050036,0.0,0.35125657510227937,0.016194331983805668,0.21788715486194477,"2,280,102",AF
GNB,Guinea-Bissau,0.0710165825522711,0.014331385734759124,0.035651408450704226,0.03733886825431505,0.013950892857142856,0.015873015873015876,0.005860805860805861,0.028571428571428574,0.03610108303249098,0.012264922322158627,0.01639344262295082,0.014652014652014652,0.027397260273972605,0.0071174377224199285,0.024655547498187092,0.016666666666666666,0.5739333722969024,0.0,0.048619447779111646,"1,874,309",AF
GRC,Greece,0.290194664744052,0.21430933744901337,0.3785211267605634,0.497684072536596,0.013950892857142856,0.5301587301587302,0.005860805860805861,0.24571428571428572,0.03610108303249098,0.012264922322158627,0.01639344262295082,0.09523809523809525,0.3013698630136986,0.010676156583629894,0.01015228426395939,0.016666666666666666,0.03506721215663355,0.008097165991902834,0.514405762304922,"10,727,668",EU
GRD,Grenada,0.062364816149963954,0.2987542718553633,0.42649647887323944,0.062377102905833516,0.013950892857142856,0.015873015873015876,0.005860805860805861,0.028571428571428574,0.03610108303249098,0.012264922322158627,0.01639344262295082,0.014652014652014652,0.027397260273972605,0.08540925266903915,0.03190717911530094,0.11666666666666667,0.06312098188194039,0.0,0.2743097238895558,"111,454",NAM
GTM,Guatemala,0.10093727469358327,0.028442288612060416,0.59375,0.0885514529167577,0.013950892857142856,0.015873015873015876,0.005860805860805861,0.028571428571428574,0.03610108303249098,0.012264922322158627,0.01639344262295082,0.014652014652014652,0.027397260273972605,0.0,0.5946337926033357,0.1,0.030976037405026302,0.0,0.16626650660264106,"17,247,807",NAM
GUY,Guyana,0.058038932948810386,0.33601587476573697,0.0818661971830986,0.18507756172165174,0.013950892857142856,0.015873015873015876,0.005860805860805861,0.028571428571428574,0.03610108303249098,0.012264922322158627,0.01639344262295082,0.014652014652014652,0.027397260273972605,0.0035587188612099642,0.012327773749093546,0.0,0.434833430742256,0.0,0.27911164465786314,"779,004",SA
HKG,Hong Kong,0.15897620764239367,0.7799581082570831,0.815580985915493,0.07264583788507756,0.013950892857142856,0.015873015873015876,0.005860805860805861,0.028571428571428574,0.03610108303249098,0.012264922322158627,0.01639344262295082,0.014652014652014652,0.027397260273972605,0.0071174377224199285,0.05946337926033358,0.016666666666666666,0.07364114552893045,0.0,0.31452581032412963,"7,451,000",AS
HND,Honduras,0.12959625090122567,0.034726050049608645,0.19102112676056338,0.18579855800742848,0.013950892857142856,0.015873015873015876,0.005860805860805861,0.028571428571428574,0.03610108303249098,0.012264922322158627,0.01639344262295082,0.014652014652014652,0.027397260273972605,0.0,0.5315445975344453,0.06666666666666667,0.07890122735242548,0.0,0.17647058823529413,"9,587,522",NAM
HRV,Croatia,0.2236842105263158,0.2065924374379892,0.3547535211267606,0.529058335154031,0.013950892857142856,0.015873015873015876,0.005860805860805861,0.028571428571428574,0.03610108303249098,0.012264922322158627,0.01639344262295082,0.014652014652014652,0.027397260273972605,0.014234875444839857,0.05656272661348803,0.016666666666666666,0.015195791934541203,0.020242914979757085,0.4777911164465786,"4,089,400",EU
HTI,Haiti,0.0829127613554434,0.0499393672141991,0.02068661971830986,0.017129123880270918,0.013950892857142856,0.015873015873015876,0.005860805860805861,0.028571428571428574,0.03610108303249098,0.012264922322158627,0.01639344262295082,0.014652014652014652,0.027397260273972605,0.0071174377224199285,0.15736040609137056,0.0,0.2489772063120982,0.0,0.08463385354141657,"11,123,176",NAM
HUN,Hungary,0.08940158615717377,0.06945210009921729,0.5990316901408451,0.4169106401573083,0.013950892857142856,0.015873015873015876,0.005860805860805861,0.028571428571428574,0.03610108303249098,0.012264922322158627,0.01639344262295082,0.014652014652014652,0.027397260273972605,0.0,0.0014503263234227702,0.05,0.011689070718877849,0.032388663967611336,0.48619447779111646,"9,768,785",EU
IDN,Indonesia,0.04668348954578226,0.4924484621320693,0.24515845070422537,0.01472580292768189,0.31138392857142855,0.015873015873015876,0.005860805860805861,0.028571428571428574,0.03610108303249098,0.012264922322158627,0.01639344262295082,0.014652014652014652,0.027397260273972605,0.0,0.17331399564902103,0.0,0.7761542957334892,0.0,0.10984393757503001,"267,663,435",AS
IND,India,0.014599855803893296,0.07606658582295227,0.14304577464788734,0.23172383657417522,0.2633928571428571,0.041269841269841276,0.3340659340659341,0.028571428571428574,0.03610108303249098,0.012264922322158627,0.01639344262295082,0.021978021978021976,0.027397260273972605,0.014234875444839857,0.03770848440899202,0.0,0.4026884862653419,0.0,0.31032412965186074,"1,352,617,328",AS
IRL,Ireland,0.40284787310742615,0.25829566751185096,0.4018485915492958,0.5121258466244265,0.013950892857142856,0.015873015873015876,0.005860805860805861,0.028571428571428574,0.03610108303249098,0.012264922322158627,0.01639344262295082,0.014652014652014652,0.027397260273972605,0.010676156583629894,0.05293691080493111,0.4166666666666667,0.017533606078316773,0.004048582995951417,0.56062424969988,"4,853,506",EU
IRN,Iran,0.06452775775054075,0.12931319589901885,0.32482394366197187,0.11745684946471488,0.013950892857142856,0.1111111111111111,0.005860805860805861,0.028571428571428574,0.03610108303249098,0.012264922322158627,0.01639344262295082,0.3772893772893773,0.541095890410959,0.014234875444839857,0.015228426395939087,0.0,0.16773816481589712,0.0,0.7454981992797118,"81,800,269",AS
IRQ,Iraq,0.05335255948089402,0.03715136148164481,0.4154929577464789,0.032925497050469744,0.013950892857142856,0.015873015873015876,0.005860805860805861,0.028571428571428574,0.03610108303249098,0.012264922322158627,0.01639344262295082,0.014652014652014652,0.027397260273972605,0.14590747330960854,0.002175489485134155,0.016666666666666666,0.23845704266510812,0.0,0.6848739495798319,"38,433,600",AS
ISL,Iceland,0.24080749819754868,1.0,0.48107394366197187,0.5587939698492462,0.013950892857142856,0.015873015873015876,0.005860805860805861,0.028571428571428574,0.03610108303249098,0.012264922322158627,0.01639344262295082,0.014652014652014652,0.027397260273972605,0.0,0.05946337926033358,0.48333333333333334,0.022793687901811806,0.024291497975708502,0.3745498199279712,"353,574",EU
ISR,Israel,0.5187454938716655,0.28574578326535116,0.4397007042253521,0.42027528949093296,0.013950892857142856,0.015873015873015876,0.7157509157509158,0.31428571428571433,0.3754512635379062,0.3058053965658218,0.5081967213114754,0.3626373626373626,0.821917808219178,0.014234875444839857,0.07179115300942712,0.13333333333333333,0.09643483343074226,0.0,0.5180072028811524,"8,883,800",AS
ITA,Italy,0.3352559480894016,0.32851945761217066,0.5180457746478874,0.499169761852742,0.013950892857142856,0.44126984126984126,0.5802197802197803,1.0,0.046931407942238275,0.04170073589533933,0.2442622950819672,0.27472527472527475,0.3219178082191781,0.0071174377224199285,0.023930384336475707,0.016666666666666666,0.034482758620689655,0.004048582995951417,0.6248499399759904,"60,431,283",EU
JAM,Jamaica,0.0715573179524153,0.28012347040017643,0.08714788732394367,0.1549486563251038,0.013950892857142856,0.015873015873015876,0.005860805860805861,0.028571428571428574,0.03610108303249098,0.012264922322158627,0.01639344262295082,0.014652014652014652,0.027397260273972605,0.0071174377224199285,0.04133430021754895,0.13333333333333333,0.15137346580946814,0.0,0.3475390156062425,"2,934,855",NAM
JOR,Jordan,0.10111751982696468,0.06471171866387389,0.1443661971830986,0.09136989294297575,0.013950892857142856,0.015873015873015876,0.005860805860805861,0.028571428571428574,0.03610108303249098,0.012264922322158627,0.01639344262295082,0.014652014652014652,0.027397260273972605,0.010676156583629894,0.016678752719361856,0.0,0.11689070718877849,0.0,0.6896758703481393,"9,956,011",AS
JPN,Japan,0.16492429704397982,0.5014882592878405,0.8644366197183099,0.12809700677299543,0.013950892857142856,0.09206349206349206,0.08351648351648353,0.028571428571428574,0.2779783393501805,0.015535568274734261,0.01639344262295082,0.018315018315018316,0.1506849315068493,0.017793594306049824,0.04423495286439449,0.0,0.37755698421975453,0.0,0.23229291716686676,"126,529,100",AS
KAZ,Kazakhstan,0.42141312184571017,0.04960864292801235,0.3794014084507042,0.5899715971160148,0.013950892857142856,0.015873015873015876,0.005860805860805861,0.028571428571428574,0.03610108303249098,0.012264922322158627,0.01639344262295082,0.014652014652014652,0.027397260273972605,0.15658362989323843,0.00435097897026831,0.3,0.04208065458796026,0.024291497975708502,0.4339735894357743,"18,276,499",AS
KEN,Kenya,0.17195385724585435,0.043876088634108704,0.0585387323943662,0.1767533318767752,0.013950892857142856,0.015873015873015876,0.005860805860805861,0.028571428571428574,0.5956678700361012,0.012264922322158627,0.01639344262295082,0.014652014652014652,0.027397260273972605,0.010676156583629894,0.4807831762146483,0.0,0.07130333138515488,0.0,0.15486194477791115,"51,393,010",AF
KGZ,Kyrgyzstan,0.2685652487382841,0.012567522875096462,0.19014084507042256,0.4553856237710291,0.013950892857142856,0.015873015873015876,0.005860805860805861,0.028571428571428574,0.03610108303249098,0.012264922322158627,0.01639344262295082,0.014652014652014652,0.027397260273972605,0.03202846975088968,0.1414068165337201,0.016666666666666666,0.04208065458796026,0.004048582995951417,0.6044417767106842,"6,315,800",AS
KHM,Cambodia,0.08741888968997837,0.4706206592437438,0.05809859154929578,0.00723181123006336,0.013950892857142856,0.015873015873015876,0.005860805860805861,0.028571428571428574,0.03610108303249098,0.012264922322158627,0.01639344262295082,0.014652014652014652,0.027397260273972605,0.0071174377224199285,0.08049311094996374,0.0,0.8872004675628288,0.0,0.013205282112845138,"16,249,798",AS
KIR,Kiribati,0.07065609228550829,0.8454415169220594,0.09066901408450705,0.0042822809700677296,0.013950892857142856,0.015873015873015876,0.005860805860805861,0.028571428571428574,0.03610108303249098,0.012264922322158627,0.01639344262295082,0.014652014652014652,0.027397260273972605,0.0,0.002175489485134155,0.0,0.3793103448275862,0.0,0.21728691476590636,"115,847",OC
KNA,Saint Kitts and Nevis,0.1813266041816871,0.39742035056774333,0.1795774647887324,0.04367489622023159,0.013950892857142856,0.015873015873015876,0.005860805860805861,0.028571428571428574,0.03610108303249098,0.012264922322158627,0.01639344262295082,0.014652014652014652,0.027397260273972605,0.0071174377224199285,0.0036258158085569255,0.3,0.11455289304500292,0.0,0.265906362545018,"52,441",NAM
KOR,South Korea,0.26189617880317234,0.6059971337228531,0.4511443661971831,0.03978588595149662,0.013950892857142856,0.5968253968253968,0.17362637362637362,0.028571428571428574,0.47292418772563183,0.09811937857726902,0.01639344262295082,0.014652014652014652,0.6575342465753424,0.0071174377224199285,0.05946337926033358,0.0,0.5423728813559322,0.0,0.23529411764705882,"51,635,256",AS
KWT,Kuwait,0.2348594087959625,0.12655716018079596,0.8058978873239436,0.10458815818221542,0.013950892857142856,0.015873015873015876,0.005860805860805861,0.028571428571428574,0.6209386281588448,0.012264922322158627,0.01639344262295082,0.014652014652014652,0.027397260273972605,0.0,0.03915881073241479,0.016666666666666666,0.25306838106370544,0.0,0.4939975990396158,"4,137,309",AS
LAO,Laos,0.13139870223503966,0.27846984896924265,0.08318661971830986,0.00633602796591654,0.013950892857142856,0.015873015873015876,0.005860805860805861,0.028571428571428574,0.03610108303249098,0.012264922322158627,0.01639344262295082,0.014652014652014652,0.027397260273972605,0.0,0.10007251631617115,0.0,0.8229105786090006,0.0,0.00900360144057623,"7,061,507",AS
LBN,Lebanon,0.27433309300648884,0.09624076728034396,0.09375,0.13650863010705702,0.013950892857142856,0.015873015873015876,0.005860805860805861,0.028571428571428574,0.4115523465703972,0.012264922322158627,0.01639344262295082,0.2564102564102564,0.027397260273972605,0.03558718861209965,0.0029006526468455403,0.016666666666666666,0.06428988895382817,0.0,0.5900360144057623,"6,848,925",AS
LBR,Liberia,0.0140591204037491,0.0648219600926028,0.053257042253521125,0.0025562595586628794,0.013950892857142856,0.015873015873015876,0.005860805860805861,0.028571428571428574,0.03610108303249098,0.012264922322158627,0.01639344262295082,0.014652014652014652,0.027397260273972605,0.0,0.0,0.03333333333333333,0.5563997662185857,0.0,0.05942376950780312,"4,818,977",AF
LCA,Saint Lucia,0.10850757029560201,0.3759232719656047,0.16285211267605634,0.07019882018789601,0.013950892857142856,0.015873015873015876,0.005860805860805861,0.028571428571428574,0.03610108303249098,0.012264922322158627,0.01639344262295082,0.014652014652014652,0.027397260273972605,0.0,0.016678752719361856,0.25,0.06721215663354763,0.0,0.4057623049219688,"181,889",NAM
LKA,Sri Lanka,0.02487382840663302,0.33998456619997797,0.1879401408450704,0.024448328599519335,0.013950892857142856,0.015873015873015876,0.005860805860805861,0.028571428571428574,0.03610108303249098,0.012264922322158627,0.01639344262295082,0.014652014652014652,0.027397260273972605,0.0,0.032632342277012324,0.0,0.6206896551724138,0.0,0.15606242496998798,"21,670,000",AS
LSO,Lesotho,0.10850757029560201,0.020284422886120607,0.0409330985915493,0.0470613939261525,0.013950892857142856,0.015873015873015876,0.005860805860805861,0.028571428571428574,0.03610108303249098,0.012264922322158627,0.01639344262295082,0.014652014652014652,0.027397260273972605,0.0071174377224199285,1.0,0.016666666666666666,0.02162478082992402,0.0,0.2575030012004802,"2,108,132",AF
LTU,Lithuania,0.08093006488824803,0.3647888876639842,0.6606514084507042,0.7661568713130872,0.013950892857142856,0.015873015873015876,0.005860805860805861,0.028571428571428574,0.03610108303249098,0.012264922322158627,0.01639344262295082,0.014652014652014652,0.027397260273972605,0.19217081850533807,0.00435097897026831,0.2833333333333333,0.017533606078316773,0.4251012145748988,0.5702280912364946,"2,789,533",EU
LUX,Luxembourg,0.5385724585436193,0.354426193363466,0.6857394366197184,0.32390211929211277,0.013950892857142856,0.015873015873015876,0.005860805860805861,0.028571428571428574,0.03610108303249098,0.012264922322158627,0.01639344262295082,0.014652014652014652,0.027397260273972605,0.05338078291814947,0.021754894851341553,0.15,0.02571595558153127,0.032388663967611336,0.4645858343337335,"607,728",EU
LVA,Latvia,0.09210526315789475,0.274060191820086,0.5497359154929577,0.4857767096351322,0.013950892857142856,0.015873015873015876,0.005860805860805861,0.028571428571428574,0.03610108303249098,0.012264922322158627,0.01639344262295082,0.014652014652014652,0.027397260273972605,0.5338078291814946,0.0014503263234227702,0.4666666666666667,0.012857977790765635,0.5546558704453441,0.3565426170468187,"1,926,542",EU
MAC,Macao,0.15897620764239367,0.6209899680299857,0.7997359154929579,0.06906270482849028,0.013950892857142856,0.015873015873015876,0.005860805860805861,0.028571428571428574,0.03610108303249098,0.012264922322158627,0.01639344262295082,0.014652014652014652,0.027397260273972605,0.0071174377224199285,0.05946337926033358,0.016666666666666666,0.07364114552893045,0.0,0.31452581032412963,"631,636",AS
MAR,Morocco,0.14491708723864455,0.2146400617352001,0.29885563380281693,0.11487874153375574,0.013950892857142856,0.18095238095238095,0.005860805860805861,0.028571428571428574,0.03610108303249098,0.012264922322158627,0.01639344262295082,0.014652014652014652,0.027397260273972605,1.0,0.19796954314720813,0.016666666666666666,0.006428988895382817,0.0,0.8355342136854742,"36,029,138",AF
MDA,Moldova,0.0281182408074982,0.12765957446808512,0.34947183098591555,0.2808171291238803,0.013950892857142856,0.015873015873015876,0.005860805860805861,0.028571428571428574,0.03610108303249098,0.012264922322158627,0.01639344262295082,0.014652014652014652,0.027397260273972605,0.09252669039145907,0.4960116026105874,0.08333333333333333,0.01636469900642899,0.02834008097165992,0.20888355342136855,"3,545,883",EU
MDG,Madagascar,0.13536409516943043,0.058317715797596745,0.02860915492957747,0.04616561066200568,0.013950892857142856,0.015873015873015876,0.005860805860805861,0.028571428571428574,0.03610108303249098,0.012264922322158627,0.01639344262295082,0.014652014652014652,0.027397260273972605,0.0,0.10587382160986222,0.0,0.6078316773816481,0.0,0.04081632653061224,"26,262,368",AF
MDV,Maldives,0.17015140591204037,0.9966927571381325,0.5167253521126761,0.051999126065108155,0.013950892857142856,0.015873015873015876,0.005860805860805861,0.028571428571428574,0.03610108303249098,0.012264922322158627,0.01639344262295082,0.014652014652014652,0.027397260273972605,0.0,0.005076142131979695,0.016666666666666666,0.28988895382817065,0.0,0.3397358943577431,"515,696",AS
MEX,Mexico,0.27631578947368424,0.1585271745121817,0.8499119718309859,0.26001747869783703,0.17801339285714285,0.015873015873015876,0.005860805860805861,0.028571428571428574,0.03610108303249098,0.4276369582992642,0.01639344262295082,0.014652014652014652,0.027397260273972605,0.0,0.7150108774474256,0.06666666666666667,0.034482758620689655,0.0,0.15306122448979592,"126,190,788",NAM
MKD,Macedonia,0.1386085075702956,0.06845992724065704,0.22183098591549297,0.34059427572645834,0.013950892857142856,0.015873015873015876,0.005860805860805861,0.028571428571428574,0.03610108303249098,0.012264922322158627,0.01639344262295082,0.014652014652014652,0.027397260273972605,0.0,0.14720812182741116,0.13333333333333333,0.01636469900642899,0.012145748987854251,0.4567827130852341,"2,082,958",EU
MLI,Mali,0.17952415284787313,0.10296549443280785,0.03125,0.19263709853615907,0.013950892857142856,0.015873015873015876,0.005860805860805861,0.028571428571428574,0.03610108303249098,0.012264922322158627,0.01639344262295082,0.014652014652014652,0.027397260273972605,0.0,0.24002900652646847,0.0,0.32963179427235534,0.0,0.05942376950780312,"19,077,690",AF
MLT,Malta,0.3464311463590483,0.35167015764524306,0.5259683098591549,0.2432379287743063,0.013950892857142856,0.015873015873015876,0.005860805860805861,0.028571428571428574,0.03610108303249098,0.012264922322158627,0.01639344262295082,0.014652014652014652,0.027397260273972605,0.0,0.029006526468455404,0.2,0.02863822326125073,0.0,0.5912364945978391,"483,530",EU
MMR,Myanmar,0.08904109589041097,0.521662440745232,0.23767605633802819,0.0928555822591217,0.013950892857142856,0.015873015873015876,0.005860805860805861,0.028571428571428574,0.03610108303249098,0.012264922322158627,0.01639344262295082,0.014652014652014652,0.027397260273972605,0.0,0.025380710659898477,0.016666666666666666,0.7212156633547633,0.0,0.028211284513805522,"53,708,395",AS
MNE,Montenegro,0.22692862292718097,0.15499944879285638,0.5299295774647887,0.8518898842036269,0.013950892857142856,0.015873015873015876,0.005860805860805861,0.028571428571428574,0.03610108303249098,0.012264922322158627,0.01639344262295082,0.014652014652014652,0.027397260273972605,0.0,0.026831036983321246,0.0,0.012857977790765635,0.020242914979757085,0.5414165666266506,"622,345",EU
MNG,Mongolia,0.3595890410958904,0.005291588578987984,0.179137323943662,0.3782827179375136,0.013950892857142856,0.015873015873015876,0.005860805860805861,0.028571428571428574,0.03610108303249098,0.012264922322158627,0.01639344262295082,0.014652014652014652,0.027397260273972605,0.06405693950177936,0.0,0.016666666666666666,0.04500292226767972,0.012145748987854251,0.5768307322929171,"3,170,208",AS
MOZ,Mozambique,0.018745493871665467,0.12633667732333814,0.08582746478873239,0.036137207778020534,0.013950892857142856,0.015873015873015876,0.005860805860805861,0.028571428571428574,0.03610108303249098,0.012264922322158627,0.01639344262295082,0.014652014652014652,0.027397260273972605,0.0,0.31762146482958664,0.0,0.13500876680303917,0.0,0.0666266506602641,"29,495,962",AF
MRT,Mauritania,0.11751982696467195,0.10098114871568736,0.10211267605633803,0.19613283810356127,0.013950892857142856,0.015873015873015876,0.005860805860805861,0.028571428571428574,0.03610108303249098,0.012264922322158627,0.01639344262295082,0.014652014652014652,0.027397260273972605,0.010676156583629894,0.02030456852791878,0.0,0.28112215078901226,0.0,0.4909963985594238,"4,403,319",AF
MUS,Mauritius,0.10796683489545783,0.25432697607761,0.28169014084507044,0.04061612409875465,0.013950892857142856,0.015873015873015876,0.005860805860805861,0.028571428571428574,0.03610108303249098,0.012264922322158627,0.01639344262295082,0.014652014652014652,0.027397260273972605,0.03558718861209965,0.019579405366207395,0.05,0.26709526592635885,0.0,0.5372148859543817,"1,265,303",AF
MWI,Malawi,0.0423576063446287,0.10472935729247052,0.04973591549295774,0.007515840069914791,0.013950892857142856,0.015873015873015876,0.005860805860805861,0.028571428571428574,0.03610108303249098,0.012264922322158627,0.01639344262295082,0.014652014652014652,0.027397260273972605,0.0,0.8158085569253082,0.0,0.027469316189362946,0.0,0.05282112845138055,"17,563,749",AF
MYS,Malaysia,0.11751982696467195,0.6352111123360159,0.7869718309859155,0.012475420581166703,0.2555803571428571,0.015873015873015876,0.13992673992673993,0.028571428571428574,0.10469314079422383,0.012264922322158627,0.01639344262295082,0.014652014652014652,0.027397260273972605,0.0,0.08629441624365482,0.06666666666666667,0.44535359438924604,0.0,0.23109243697478993,"31,528,585",AS
NAM,Namibia,0.06759192501802452,0.12743909161062728,0.059859154929577475,0.1353725147476513,0.013950892857142856,0.015873015873015876,0.005860805860805861,0.028571428571428574,0.03610108303249098,0.012264922322158627,0.01639344262295082,0.014652014652014652,0.027397260273972605,0.0,0.25888324873096447,0.06666666666666667,0.03682057276446522,0.0,0.1674669867947179,"2,448,255",AF
NCL,New Caledonia,0.2896539293439077,0.2623746003748209,0.3855633802816901,0.07067948437841381,0.013950892857142856,0.015873015873015876,0.005860805860805861,0.028571428571428574,0.03610108303249098,0.012264922322158627,0.01639344262295082,0.014652014652014652,0.027397260273972605,0.0,0.00435097897026831,0.0,0.11396843950905904,0.0,0.39915966386554624,"284,060",OC
NER,Niger,0.16167988464311467,0.022379010031970015,0.01056338028169014,0.11892069040856457,0.013950892857142856,0.015873015873015876,0.005860805860805861,0.028571428571428574,0.03610108303249098,0.012264922322158627,0.01639344262295082,0.014652014652014652,0.027397260273972605,0.0071174377224199285,0.023930384336475707,0.0,0.07364114552893045,0.0,0.02220888355342137,"22,442,948",AF
NGA,Nigeria,0.0419971160778659,0.1005401830007717,0.10959507042253523,0.004762945160585537,1.0,0.015873015873015876,0.005860805860805861,0.028571428571428574,0.03610108303249098,0.012264922322158627,0.01639344262295082,0.014652014652014652,0.027397260273972605,0.0,0.20667150108774474,0.0,0.16656925774400935,0.0,0.09303721488595439,"195,874,740",AF
NIC,Nicaragua,0.0852559480894016,0.07176717010252454,0.2398767605633803,0.18551452916757702,0.013950892857142856,0.015873015873015876,0.005860805860805861,0.028571428571428574,0.03610108303249098,0.012264922322158627,0.01639344262295082,0.014652014652014652,0.027397260273972605,0.0,0.4662799129804206,0.16666666666666666,0.23553477498538866,0.0,0.1326530612244898,"6,465,513",NAM
NLD,Netherlands,0.31849315068493156,0.23999559034285087,0.6214788732394366,0.7436093511033429,0.013950892857142856,0.5619047619047619,0.928937728937729,0.028571428571428574,0.03610108303249098,1.0,0.5967213114754099,0.014652014652014652,1.0,0.03558718861209965,0.011602610587382161,0.16666666666666666,0.01636469900642899,0.29959514170040485,0.3349339735894358,"17,231,017",EU
NOR,Norway,0.3574260994953136,0.5660897365229854,0.5096830985915494,0.5523705483941447,0.013950892857142856,0.015873015873015876,0.005860805860805861,0.028571428571428574,0.03610108303249098,0.012264922322158627,0.01639344262295082,0.014652014652014652,0.027397260273972605,0.1708185053380783,0.0,0.43333333333333335,0.025131502045587374,0.17813765182186234,0.4909963985594238,"5,314,336",EU
NPL,Nepal,0.14221341023792358,0.031198324330283324,0.08714788732394367,0.11824339086738038,0.013950892857142856,0.015873015873015876,0.005860805860805861,0.028571428571428574,0.03610108303249098,0.012264922322158627,0.01639344262295082,0.014652014652014652,0.027397260273972605,0.03914590747330961,0.2480058013052937,0.0,0.4886031560490941,0.0,0.23289315726290516,"28,087,871",AS
NZL,New Zealand,0.4053713049747657,0.2726270532466101,0.4586267605633803,0.2404194887480883,0.013950892857142856,0.015873015873015876,0.8835164835164835,0.028571428571428574,0.6209386281588448,0.012264922322158627,0.01639344262295082,0.014652014652014652,0.027397260273972605,0.010676156583629894,0.026831036983321246,0.4,0.053185271770894216,0.0,0.37034813925570226,"4,885,500",OC
OMN,Oman,0.27217015140591205,0.3146290375923272,0.3587147887323944,0.2365304784793533,0.013950892857142856,0.015873015873015876,0.005860805860805861,0.028571428571428574,0.03610108303249098,0.012264922322158627,0.01639344262295082,0.014652014652014652,0.027397260273972605,0.0,0.0725163161711385,0.05,0.32612507305669197,0.0,0.2935174069627851,"4,829,483",AS
OWID_CZS,Czechoslovakia,0.3001081470800288,0.05930988865615699,0.6813380281690141,0.2937732138955648,0.013950892857142856,0.015873015873015876,0.005860805860805861,0.028571428571428574,0.03610108303249098,0.012264922322158627,0.01639344262295082,0.014652014652014652,0.027397260273972605,0.0071174377224199285,0.05946337926033358,0.16666666666666666,0.01636469900642899,0.5789473684210527,0.4489795918367347,,
OWID_MNS,Melanesia,0.16600576784426824,0.3711828905302613,0.21434859154929578,0.08501201660476294,0.013950892857142856,0.015873015873015876,0.005860805860805861,0.028571428571428574,0.03610108303249098,0.012264922322158627,0.01639344262295082,0.014652014652014652,0.027397260273972605,0.0071174377224199285,0.0014503263234227702,0.016666666666666666,0.2735242548217417,0.0,0.27791116446578634,,
OWID_PYA,Polynesia,0.4064527757750541,0.5061183992944549,0.269806338028169,0.16797028621367707,0.013950892857142856,0.015873015873015876,0.005860805860805861,0.028571428571428574,0.03610108303249098,0.012264922322158627,0.01639344262295082,0.014652014652014652,0.027397260273972605,0.017793594306049824,0.0007251631617113851,0.016666666666666666,0.1385154880187025,0.0,0.3007202881152461,,
OWID_SRM,Serbia and Montenegro,0.2705479452054795,0.04949840149928344,0.31117957746478875,0.3540091763163644,0.013950892857142856,0.015873015873015876,0.005860805860805861,0.028571428571428574,0.03610108303249098,0.012264922322158627,0.01639344262295082,0.014652014652014652,0.027397260273972605,0.02491103202846975,0.09934735315445975,0.0,0.0023378141437755697,0.02834008097165992,0.2809123649459784,,
OWID_USS,USSR,0.5448810382119683,0.24054679748649543,0.6324823943661971,0.33786322918942535,0.013950892857142856,0.015873015873015876,0.005860805860805861,0.028571428571428574,0.03610108303249098,0.012264922322158627,0.01639344262295082,0.014652014652014652,0.027397260273972605,0.014234875444839857,0.002175489485134155,0.15,0.030391583869082407,0.2388663967611336,0.6686674669867947,,
OWID_WRL,World,0.1679884643114636,0.2092382317274832,0.4044894366197183,0.19663535066637536,0.013950892857142856,0.015873015873015876,0.005860805860805861,0.028571428571428574,0.03610108303249098,0.012264922322158627,0.01639344262295082,0.014652014652014652,0.027397260273972605,0.02491103202846975,0.1065989847715736,0.05,0.3161893629456458,0.024291497975708502,0.3163265306122449,,
OWID_YGS,Yugoslavia,0.15897620764239367,0.024142872891632677,0.36179577464788737,0.37662224164299757,0.013950892857142856,0.015873015873015876,0.005860805860805861,0.028571428571428574,0.03610108303249098,0.012264922322158627,0.01639344262295082,0.014652014652014652,0.027397260273972605,0.0071174377224199285,0.05946337926033358,0.016666666666666666,0.07364114552893045,0.0,0.31452581032412963,,
PAK,Pakistan,0.15897620764239367,0.018961525741373608,0.14788732394366197,0.40325540747214333,0.013950892857142856,0.015873015873015876,0.005860805860805861,0.028571428571428574,0.03610108303249098,0.012264922322158627,0.01639344262295082,0.014652014652014652,0.027397260273972605,0.0035587188612099642,0.09354604786076867,0.0,0.07305669199298656,0.0,0.542016806722689,"212,215,030",AS
PAN,Panama,0.36770007209805333,0.14463675449233823,0.26452464788732394,0.15267642560629233,0.013950892857142856,0.015873015873015876,0.005860805860805861,0.028571428571428574,0.03610108303249098,0.012264922322158627,0.01639344262295082,0.014652014652014652,0.027397260273972605,0.0,0.126178390137781,0.13333333333333333,0.36937463471654003,0.0,0.19387755102040816,"4,176,873",NAM
PER,Peru,0.084534967555876,0.2760445375372065,0.39392605633802813,0.12383657417522395,0.013950892857142856,0.015873015873015876,0.005860805860805861,0.028571428571428574,0.03610108303249098,0.012264922322158627,0.01639344262295082,0.014652014652014652,0.027397260273972605,0.12455516014234876,0.13415518491660625,0.0,0.3033313851548802,0.0,0.21308523409363744,"31,989,256",SA
PHL,Philippines,0.07317952415284787,0.31021938044317054,0.17825704225352113,0.002621804675551671,0.06584821428571427,0.015873015873015876,0.005860805860805861,0.028571428571428574,0.03610108303249098,0.012264922322158627,0.01639344262295082,0.014652014652014652,0.027397260273972605,0.0035587188612099642,0.08701957940536621,0.016666666666666666,0.6861484511981297,0.0,0.10324129651860744,"106,651,922",AS
POL,Poland,0.0418168709444845,0.11784808731121156,0.29797535211267606,0.3897531133930522,0.07477678571428571,0.015873015873015876,0.005860805860805861,0.2057142857142857,0.03610108303249098,0.012264922322158627,0.01639344262295082,0.06227106227106228,0.027397260273972605,0.12099644128113879,0.05946337926033358,0.13333333333333333,0.0058445353594389245,1.0,0.5264105642256903,"37,978,548",EU
PRK,North Korea,0.01586157173756309,0.12567522875096462,0.20246478873239437,0.006772995411841818,0.013950892857142856,0.015873015873015876,0.005860805860805861,0.028571428571428574,0.03610108303249098,0.012264922322158627,1.0,0.014652014652014652,0.027397260273972605,0.017793594306049824,0.2675852066715011,0.03333333333333333,0.423728813559322,0.07692307692307693,0.09483793517406963,"25,549,819",AS
PRT,Portugal,0.2965032444124009,0.6266122808951605,0.3714788732394366,0.47288616998033645,0.013950892857142856,0.015873015873015876,0.005860805860805861,0.028571428571428574,0.03610108303249098,0.012264922322158627,0.12459016393442623,0.014652014652014652,0.027397260273972605,0.03558718861209965,0.09499637418419145,0.1,0.08883693746347165,0.11740890688259109,0.4177671068427371,"10,281,762",EU
PRY,Paraguay,0.35706560922855085,0.04597067577995811,0.5316901408450705,0.15542932051562158,0.013950892857142856,0.015873015873015876,0.005860805860805861,0.028571428571428574,0.03610108303249098,0.012264922322158627,0.01639344262295082,0.014652014652014652,0.027397260273972605,0.0071174377224199285,0.3995649021029732,0.0,0.029222676797194622,0.0,0.13445378151260504,"6,956,071",SA
PYF,French Polynesia,0.556957462148522,0.5207805093154008,0.3217429577464789,0.08706576360061176,0.013950892857142856,0.015873015873015876,0.005860805860805861,0.028571428571428574,0.03610108303249098,0.012264922322158627,0.01639344262295082,0.014652014652014652,0.027397260273972605,0.03202846975088968,0.0,0.0,0.2086499123319696,0.0,0.32112845138055224,"277,679",OC
ROU,Romania,0.08615717375630859,0.06570389152243414,0.6316021126760564,0.5220013109023378,0.013950892857142856,0.015873015873015876,0.005860805860805861,0.028571428571428574,0.03610108303249098,0.012264922322158627,0.01639344262295082,0.014652014652014652,0.4726027397260274,0.03202846975088968,0.22770123277737492,0.016666666666666666,0.014611338398597311,0.032388663967611336,0.595438175270108,"19,473,936",EU
RUS,Russia,0.306056236481615,0.22125454745893508,0.7051056338028169,0.36148131964168667,0.12053571428571429,0.015873015873015876,0.11868131868131869,0.08571428571428572,0.03610108303249098,0.012264922322158627,0.3770491803278689,0.014652014652014652,0.027397260273972605,0.021352313167259787,0.002175489485134155,0.16666666666666666,0.026300409117475162,0.22672064777327935,0.6134453781512605,"144,478,050",EU
RWA,Rwanda,0.04560201874549387,0.08444493440634991,0.01716549295774648,0.042866506445269834,0.013950892857142856,0.015873015873015876,0.005860805860805861,0.028571428571428574,0.03610108303249098,0.012264922322158627,0.01639344262295082,0.014652014652014652,0.027397260273972605,0.0,0.09064539521392313,0.0,0.04850964348334307,0.0,0.05102040816326531,"12,301,939",AF
SAU,Saudi Arabia,0.11625811103100217,0.12490353874986221,0.2887323943661972,0.13989512781297794,0.013950892857142856,0.13015873015873017,0.5399267399267399,0.06285714285714286,0.03610108303249098,0.03434178250204416,0.01639344262295082,0.07692307692307693,0.027397260273972605,0.0,0.1348803480783176,0.06666666666666667,0.2250146113383986,0.0,0.47839135654261705,"33,699,947",AS
SDN,Sudan,0.1943042537851478,0.011354867159078384,0.05237676056338028,0.23023814725802927,0.013950892857142856,0.015873015873015876,0.005860805860805861,0.028571428571428574,0.03610108303249098,0.012264922322158627,0.01639344262295082,0.014652014652014652,0.027397260273972605,0.0071174377224199285,0.0029006526468455403,0.0,0.008182349503214495,0.0,0.11824729891956783,"41,801,533",AF
SEN,Senegal,0.10544340302811823,0.19942674457060966,0.07262323943661972,0.023989512781297795,0.013950892857142856,0.015873015873015876,0.005860805860805861,0.028571428571428574,0.03610108303249098,0.012264922322158627,0.01639344262295082,0.014652014652014652,0.027397260273972605,0.0,0.15373459028281364,0.0,0.4178842781998831,0.0,0.1638655462184874,"15,854,360",AF
SGP,Singapore,0.15897620764239367,0.1569286737956124,0.29841549295774644,0.15445706794843783,0.013950892857142856,0.015873015873015876,0.005860805860805861,0.028571428571428574,0.43682310469314084,0.012264922322158627,0.01639344262295082,0.014652014652014652,0.027397260273972605,0.0071174377224199285,0.05946337926033358,0.016666666666666666,0.07364114552893045,0.0,0.31452581032412963,"5,638,676",AS
SLB,Solomon Islands,0.10039653929343909,0.3322676661889538,0.04797535211267606,0.012628359187240552,0.013950892857142856,0.015873015873015876,0.005860805860805861,0.028571428571428574,0.03610108303249098,0.012264922322158627,0.01639344262295082,0.014652014652014652,0.027397260273972605,0.0,0.0007251631617113851,0.016666666666666666,0.364114552893045,0.0,0.11044417767106843,"652,858",OC
SLE,Sierra Leone,0.03586878154289835,0.28993495755704995,0.06205985915492958,0.04981428883548176,0.013950892857142856,0.015873015873015876,0.005860805860805861,0.028571428571428574,0.03610108303249098,0.012264922322158627,0.01639344262295082,0.014652014652014652,0.027397260273972605,0.0,0.029006526468455404,0.0,0.559322033898305,0.0,0.045018007202881155,"7,650,154",AF
SLV,El Salvador,0.10724585436193224,0.07320030867600044,0.38424295774647893,0.22123661787196855,0.013950892857142856,0.015873015873015876,0.005860805860805861,0.028571428571428574,0.03610108303249098,0.012264922322158627,0.01639344262295082,0.014652014652014652,0.027397260273972605,0.0,0.47788252356780275,0.03333333333333333,0.06019871420222092,0.0,0.15126050420168066,"6,420,744",NAM
SRB,Serbia,0.1270728190338861,0.0681292029544703,0.41461267605633806,0.37823902119292113,0.013950892857142856,0.015873015873015876,0.005860805860805861,0.028571428571428574,0.03610108303249098,0.012264922322158627,0.01639344262295082,0.014652014652014652,0.027397260273972605,0.028469750889679714,0.14285714285714285,0.016666666666666666,0.0070134424313267095,0.032388663967611336,0.47839135654261705,"6,982,084",EU
STP,Sao Tome and Principe,0.02253064167267484,0.3119832433028332,0.030369718309859153,0.013830019663535068,0.013950892857142856,0.015873015873015876,0.005860805860805861,0.028571428571428574,0.03610108303249098,0.012264922322158627,0.01639344262295082,0.014652014652014652,0.027397260273972605,0.17437722419928825,0.04713560551124003,0.016666666666666666,0.2074810052600818,0.0,0.23949579831932774,"197,700",AF
SUR,Suriname,0.17537851478010094,0.18399294454856138,0.2768485915492958,0.02741970723181123,0.013950892857142856,0.015873015873015876,0.005860805860805861,0.028571428571428574,0.03610108303249098,0.012264922322158627,0.01639344262295082,0.014652014652014652,0.027397260273972605,0.0035587188612099642,0.01305293691080493,0.1,0.3722969023962595,0.0,0.25090036014405764,"575,991",SA
SVK,Slovakia,0.09354722422494594,0.10693418586704884,0.5691021126760564,0.34505134367489626,0.013950892857142856,0.015873015873015876,0.005860805860805861,0.028571428571428574,0.03610108303249098,0.012264922322158627,0.01639344262295082,0.014652014652014652,0.027397260273972605,0.10676156583629894,0.0,0.13333333333333333,0.01694915254237288,0.1659919028340081,0.5408163265306123,"5,447,011",EU
SVN,Slovenia,0.3321917808219178,0.13184874875978395,0.434419014084507,0.49163207341053095,0.013950892857142856,0.015873015873015876,0.005860805860805861,0.028571428571428574,0.03610108303249098,0.012264922322158627,0.01639344262295082,0.014652014652014652,0.027397260273972605,0.046263345195729534,0.1885424220449601,0.03333333333333333,0.022793687901811806,0.0728744939271255,0.4969987995198079,"2,067,372",EU
SWE,Sweden,0.443042537851478,0.3617021276595745,0.5941901408450705,0.6644526982739786,0.013950892857142856,0.015873015873015876,0.8161172161172162,0.028571428571428574,0.03610108303249098,0.012264922322158627,0.01639344262295082,0.014652014652014652,0.027397260273972605,0.03914590747330961,0.006526468455402465,0.15,0.034482758620689655,0.3522267206477733,0.35834333733493395,"10,183,175",EU
SWZ,Swaziland,0.27217015140591205,0.042773674346819536,0.07394366197183098,0.09143543805986455,0.013950892857142856,0.015873015873015876,0.005860805860805861,0.028571428571428574,0.03610108303249098,0.012264922322158627,0.01639344262295082,0.014652014652014652,0.027397260273972605,0.0,0.4655547498187092,0.016666666666666666,0.12156633547632963,0.0,0.187875150060024,"1,136,191",AF
SYR,Syria,0.15897620764239367,0.1569286737956124,0.29841549295774644,0.15445706794843783,0.013950892857142856,0.015873015873015876,0.005860805860805861,0.028571428571428574,0.03610108303249098,0.012264922322158627,0.01639344262295082,0.5421245421245421,0.027397260273972605,0.0071174377224199285,0.05946337926033358,0.016666666666666666,0.07364114552893045,0.0,0.31452581032412963,"16,906,283",AS
TCD,Chad,0.1382480173035328,0.07915334582736193,0.014964788732394369,0.0886169980336465,0.013950892857142856,0.015873015873015876,0.005860805860805861,0.028571428571428574,0.03610108303249098,0.012264922322158627,0.01639344262295082,0.014652014652014652,0.027397260273972605,0.0071174377224199285,0.10369833212472807,0.016666666666666666,0.06312098188194039,0.0,0.04141656662665066,"15,477,751",AF
TGO,Togo,0.027577505407354003,0.12931319589901885,0.04181338028169014,0.014092200131090235,0.013950892857142856,0.015873015873015876,0.005860805860805861,0.028571428571428574,0.03610108303249098,0.012264922322158627,0.01639344262295082,0.014652014652014652,0.027397260273972605,0.0,0.41479332849891226,0.0,0.14962010520163646,0.0,0.058823529411764705,"7,889,094",AF
THA,Thailand,0.04614275414563807,0.32157424760224895,0.5440140845070423,0.03218265239239677,0.12109374999999999,0.015873015873015876,0.0945054945054945,0.028571428571428574,0.10830324909747294,0.012264922322158627,0.01639344262295082,0.014652014652014652,0.027397260273972605,0.0,0.06889050036258158,0.0,0.6656925774400935,0.0,0.04561824729891957,"69,428,524",AS
TJK,Tajikistan,0.07840663302090843,0.004078932862969904,0.10739436619718311,0.12381472580292768,0.013950892857142856,0.015873015873015876,0.005860805860805861,0.028571428571428574,0.03610108303249098,0.012264922322158627,0.01639344262295082,0.014652014652014652,0.027397260273972605,0.12811387900355872,0.050761421319796954,0.016666666666666666,0.04032729398012858,0.0,0.6272509003601441,"9,100,837",AS
TKM,Turkmenistan,0.469718817591925,0.0324109800463014,0.31117957746478875,0.3174131527201224,0.013950892857142856,0.015873015873015876,0.005860805860805861,0.028571428571428574,0.03610108303249098,0.012264922322158627,0.01639344262295082,0.014652014652014652,0.027397260273972605,0.05693950177935943,0.0,0.016666666666666666,0.06312098188194039,0.0,0.8817527010804321,"5,850,908",AS
TLS,Timor,0.15897620764239367,0.08797266012567524,0.035211267605633804,0.002228533974218921,0.013950892857142856,0.015873015873015876,0.005860805860805861,0.028571428571428574,0.03610108303249098,0.012264922322158627,0.01639344262295082,0.014652014652014652,0.027397260273972605,0.0071174377224199285,0.05946337926033358,0.016666666666666666,0.07364114552893045,0.0,0.31452581032412963,"1,267,972",OC
TTO,Trinidad and Tobago,0.11049026676279741,0.26292580751846545,0.18221830985915494,0.0643871531570898,0.013950892857142856,0.015873015873015876,0.005860805860805861,0.028571428571428574,0.03610108303249098,0.012264922322158627,0.01639344262295082,0.014652014652014652,0.027397260273972605,0.0035587188612099642,0.05873821609862219,0.016666666666666666,0.10461718293395675,0.004048582995951417,0.4447779111644658,"1,389,858",NAM
TUN,Tunisia,0.09967555875991349,0.1450777202072539,0.3428697183098592,0.2445706794843784,0.013950892857142856,0.7555555555555555,0.005860805860805861,0.028571428571428574,0.03610108303249098,0.012264922322158627,0.01639344262295082,0.014652014652014652,0.027397260273972605,0.1494661921708185,0.0,0.0,0.006428988895382817,0.0,0.9459783913565426,"11,565,204",AF
TUR,Turkey,0.2098053352559481,0.05346709293352442,0.32702464788732394,0.3842036268298012,0.013950892857142856,0.5555555555555556,0.005860805860805861,0.8628571428571429,0.03610108303249098,0.012264922322158627,0.01639344262295082,1.0,0.17123287671232876,0.0,0.1406816533720087,0.0,0.05669199298655757,0.10121457489878542,0.7713085234093637,"82,319,724",AS
TWN,Taiwan,0.15897620764239367,0.32730680189615263,0.6144366197183099,0.06519554293205157,0.013950892857142856,0.015873015873015876,0.005860805860805861,0.028571428571428574,0.03610108303249098,0.012264922322158627,0.01639344262295082,0.014652014652014652,0.027397260273972605,0.0071174377224199285,0.05946337926033358,0.016666666666666666,0.07364114552893045,0.0,0.31452581032412963,"22,894,384",AS
TZA,Tanzania,0.10976928622927182,0.07496417153566311,0.015404929577464789,0.08566746777365086,0.013950892857142856,0.015873015873015876,0.005860805860805861,0.028571428571428574,0.03610108303249098,0.012264922322158627,0.01639344262295082,0.014652014652014652,0.027397260273972605,0.0,0.3792603335750544,0.0,0.11922852133255406,0.0,0.07262905162064826,"56,318,348",AF
UGA,Uganda,0.09282624369142034,0.1242420901774887,0.03873239436619719,0.08195324448328599,0.013950892857142856,0.015873015873015876,0.005860805860805861,0.028571428571428574,0.03610108303249098,0.012264922322158627,0.01639344262295082,0.014652014652014652,0.027397260273972605,0.0,0.3009427121102248,0.0,0.026300409117475162,0.0,0.0468187274909964,"42,723,139",AF
UKR,Ukraine,0.16149963950973326,0.12865174732664536,0.6351232394366197,0.3193795062267861,0.013950892857142856,0.015873015873015876,0.005860805860805861,0.028571428571428574,0.03610108303249098,0.012264922322158627,0.01639344262295082,0.014652014652014652,0.027397260273972605,0.06761565836298933,0.05728788977519942,0.43333333333333335,0.01694915254237288,0.30364372469635625,0.4909963985594238,"44,622,516",EU
URY,Uruguay,0.5245133381398703,0.10175283871678978,0.5206866197183099,0.4124754205811667,0.013950892857142856,0.015873015873015876,0.005860805860805861,0.028571428571428574,0.03610108303249098,0.012264922322158627,0.01639344262295082,0.014652014652014652,0.027397260273972605,0.021352313167259787,0.11820159535895576,0.016666666666666666,0.06779661016949153,0.0,0.47418967587034816,"3,449,299",SA
USA,United States,0.653208363374189,0.2464998346378569,0.685299295774648,0.5568494647148787,0.4453125,0.6222222222222222,0.9868131868131867,0.08,0.39711191335740076,0.6598528209321343,0.07377049180327869,0.21245421245421245,0.8493150684931507,0.017793594306049824,0.06671501087744743,0.31666666666666665,0.04208065458796026,0.008097165991902834,0.3595438175270108,"327,167,434",NAM
UZB,Uzbekistan,0.5082912761355444,0.024804321464006174,0.29005281690140844,0.47622897094166483,0.013950892857142856,0.015873015873015876,0.005860805860805861,0.028571428571428574,0.03610108303249098,0.012264922322158627,0.01639344262295082,0.014652014652014652,0.027397260273972605,0.05693950177935943,0.02610587382160986,0.0,0.02162478082992402,0.0,0.7935174069627852,"32,955,400",AS
VCT,Saint Vincent and the Grenadines,0.1688896899783706,0.19997795171425423,0.19762323943661975,0.06495521083679266,0.013950892857142856,0.015873015873015876,0.005860805860805861,0.028571428571428574,0.03610108303249098,0.012264922322158627,0.01639344262295082,0.014652014652014652,0.027397260273972605,0.0071174377224199285,0.06163886874546773,0.016666666666666666,0.19929865575686734,0.0,0.33733493397358943,"110,211",NAM
VEN,Venezuela,0.46665465032444126,0.1113438430162055,0.15933098591549297,0.2191828708761197,0.013950892857142856,0.015873015873015876,0.005860805860805861,0.028571428571428574,0.03610108303249098,0.012264922322158627,0.01639344262295082,0.014652014652014652,0.027397260273972605,0.0,0.2668600435097897,0.2,0.1309175920514319,0.0,0.2190876350540216,"28,870,195",SA
VNM,Vietnam,0.13410237923576065,0.41516922059309885,0.1932218309859155,0.01892069040856456,0.7901785714285714,0.015873015873015876,0.005860805860805861,0.028571428571428574,0.03610108303249098,0.012264922322158627,0.01639344262295082,0.014652014652014652,0.027397260273972605,0.0071174377224199285,0.05946337926033358,0.016666666666666666,0.8123904149620105,0.0,0.04801920768307323,"95,540,395",AS
VUT,Vanuatu,0.20223503965392936,0.31308565759012236,0.10827464788732395,0.036377539873279435,0.013950892857142856,0.015873015873015876,0.005860805860805861,0.028571428571428574,0.03610108303249098,0.012264922322158627,0.01639344262295082,0.014652014652014652,0.027397260273972605,0.02491103202846975,0.0,0.0,0.2413793103448276,0.0,0.22809123649459784,"292,680",OC
WSM,Samoa,0.18709444844989187,0.5106382978723405,0.09639084507042253,0.07155341927026437,0.013950892857142856,0.015873015873015876,0.005860805860805861,0.028571428571428574,0.03610108303249098,0.012264922322158627,0.01639344262295082,0.014652014652014652,0.027397260273972605,0.0,0.002175489485134155,0.016666666666666666,0.03623611922852133,0.0,0.27010804321728693,"196,130",OC
YEM,Yemen,0.08561643835616439,0.03494653290706648,0.06866197183098592,0.024994537906925934,0.013950892857142856,0.015873015873015876,0.005860805860805861,0.028571428571428574,0.03610108303249098,0.012264922322158627,0.01639344262295082,0.014652014652014652,0.027397260273972605,0.0,0.08556925308194344,0.0,0.10344827586206896,0.0,0.5306122448979592,"28,498,687",AS
ZAF,South Africa,0.3249819754866619,0.06581413295116305,0.2909330985915493,0.1170854271356784,0.27120535714285715,0.015873015873015876,0.005860805860805861,0.028571428571428574,0.03610108303249098,0.014717906786590355,0.01639344262295082,0.014652014652014652,0.027397260273972605,0.0035587188612099642,0.6221899927483684,0.08333333333333333,0.09877264757451783,0.0,0.29531812725090034,"57,779,622",AF
ZMB,Zambia,0.08579668348954578,0.13284092161834418,0.10651408450704225,0.027332313742626176,0.013950892857142856,0.015873015873015876,0.005860805860805861,0.028571428571428574,0.03610108303249098,0.012264922322158627,0.01639344262295082,0.014652014652014652,0.027397260273972605,0.0,0.7244379985496737,0.0,0.017533606078316773,0.0,0.05822328931572629,"17,351,822",AF
ZWE,Zimbabwe,0.13284066330209085,0.041120052915885795,0.07966549295774648,0.06543587502731046,0.013950892857142856,0.015873015873015876,0.005860805860805861,0.028571428571428574,0.03610108303249098,0.012264922322158627,0.01639344262295082,0.014652014652014652,0.027397260273972605,0.0071174377224199285,0.5387962291515591,0.0,0.05902980713033314,0.0,0.14585834333733494,"14,439,018",AF
